<?xml version="1.0" encoding="UTF-8"?><?xml-stylesheet type='text/xsl' href='_UpgradeReport_Files/UpgradeReport.xslt'?><UpgradeLog>
<Properties><Property Name="Solution" Value="RemoteProcessController">
</Property><Property Name="Solution File" Value="G:\Cfiles\NETprojects\BE Project\Test\RemoteProcessController.sln">
</Property><Property Name="Date" Value="Friday, April 01, 2011">
</Property><Property Name="Time" Value="19:23 PM">
</Property></Properties><Event ErrorLevel="0" Project="" Source="RemoteProcessController.sln" Description="File successfully backed up as G:\Cfiles\NETprojects\BE Project\Test\Backup\RemoteProcessController.sln">
</Event><Event ErrorLevel="0" Project="RemoteProcessController" Source="RemoteProcessController.csproj" Description="Project file successfully backed up as G:\Cfiles\NETprojects\BE Project\Test\Backup\RemoteProcessController.csproj">
</Event><Event ErrorLevel="0" Project="RemoteProcessController" Source="BlockWebSite.cs" Description="File successfully backed up as G:\Cfiles\NETprojects\BE Project\Test\Backup\BlockWebSite.cs">
</Event><Event ErrorLevel="0" Project="RemoteProcessController" Source="BlockWebSite.Designer.cs" Description="File successfully backed up as G:\Cfiles\NETprojects\BE Project\Test\Backup\BlockWebSite.Designer.cs">
</Event><Event ErrorLevel="0" Project="RemoteProcessController" Source="ChangePassword.cs" Description="File successfully backed up as G:\Cfiles\NETprojects\BE Project\Test\Backup\ChangePassword.cs">
</Event><Event ErrorLevel="0" Project="RemoteProcessController" Source="ChangePassword.Designer.cs" Description="File successfully backed up as G:\Cfiles\NETprojects\BE Project\Test\Backup\ChangePassword.Designer.cs">
</Event><Event ErrorLevel="0" Project="RemoteProcessController" Source="CheckAntivirus.cs" Description="File successfully backed up as G:\Cfiles\NETprojects\BE Project\Test\Backup\CheckAntivirus.cs">
</Event><Event ErrorLevel="0" Project="RemoteProcessController" Source="CheckAntivirus.Designer.cs" Description="File successfully backed up as G:\Cfiles\NETprojects\BE Project\Test\Backup\CheckAntivirus.Designer.cs">
</Event><Event ErrorLevel="0" Project="RemoteProcessController" Source="DisablePort.cs" Description="File successfully backed up as G:\Cfiles\NETprojects\BE Project\Test\Backup\DisablePort.cs">
</Event><Event ErrorLevel="0" Project="RemoteProcessController" Source="DisablePort.Designer.cs" Description="File successfully backed up as G:\Cfiles\NETprojects\BE Project\Test\Backup\DisablePort.Designer.cs">
</Event><Event ErrorLevel="0" Project="RemoteProcessController" Source="ProcessController.cs" Description="File successfully backed up as G:\Cfiles\NETprojects\BE Project\Test\Backup\ProcessController.cs">
</Event><Event ErrorLevel="0" Project="RemoteProcessController" Source="ProcessController.Designer.cs" Description="File successfully backed up as G:\Cfiles\NETprojects\BE Project\Test\Backup\ProcessController.Designer.cs">
</Event><Event ErrorLevel="0" Project="RemoteProcessController" Source="ProcessMethod.cs" Description="File successfully backed up as G:\Cfiles\NETprojects\BE Project\Test\Backup\ProcessMethod.cs">
</Event><Event ErrorLevel="0" Project="RemoteProcessController" Source="ProcessPriority.cs" Description="File successfully backed up as G:\Cfiles\NETprojects\BE Project\Test\Backup\ProcessPriority.cs">
</Event><Event ErrorLevel="0" Project="RemoteProcessController" Source="Program.cs" Description="File successfully backed up as G:\Cfiles\NETprojects\BE Project\Test\Backup\Program.cs">
</Event><Event ErrorLevel="0" Project="RemoteProcessController" Source="Properties\AssemblyInfo.cs" Description="File successfully backed up as G:\Cfiles\NETprojects\BE Project\Test\Backup\Properties\AssemblyInfo.cs">
</Event><Event ErrorLevel="0" Project="RemoteProcessController" Source="Properties\Resources.Designer.cs" Description="File successfully backed up as G:\Cfiles\NETprojects\BE Project\Test\Backup\Properties\Resources.Designer.cs">
</Event><Event ErrorLevel="0" Project="RemoteProcessController" Source="Properties\Settings.Designer.cs" Description="File successfully backed up as G:\Cfiles\NETprojects\BE Project\Test\Backup\Properties\Settings.Designer.cs">
</Event><Event ErrorLevel="0" Project="RemoteProcessController" Source="RemoteDesktop.cs" Description="File successfully backed up as G:\Cfiles\NETprojects\BE Project\Test\Backup\RemoteDesktop.cs">
</Event><Event ErrorLevel="0" Project="RemoteProcessController" Source="RemoteDesktop.Designer.cs" Description="File successfully backed up as G:\Cfiles\NETprojects\BE Project\Test\Backup\RemoteDesktop.Designer.cs">
</Event><Event ErrorLevel="0" Project="RemoteProcessController" Source="RemoteShutdown.cs" Description="File successfully backed up as G:\Cfiles\NETprojects\BE Project\Test\Backup\RemoteShutdown.cs">
</Event><Event ErrorLevel="0" Project="RemoteProcessController" Source="RemoteShutdown.Designer.cs" Description="File successfully backed up as G:\Cfiles\NETprojects\BE Project\Test\Backup\RemoteShutdown.Designer.cs">
</Event><Event ErrorLevel="0" Project="RemoteProcessController" Source="Properties\Settings.settings" Description="File successfully backed up as G:\Cfiles\NETprojects\BE Project\Test\Backup\Properties\Settings.settings">
</Event><Event ErrorLevel="0" Project="RemoteProcessController" Source="Resources\Genius1.jpg" Description="File successfully backed up as G:\Cfiles\NETprojects\BE Project\Test\Backup\Resources\Genius1.jpg">
</Event><Event ErrorLevel="0" Project="RemoteProcessController" Source="BlockWebSite.resx" Description="File successfully backed up as G:\Cfiles\NETprojects\BE Project\Test\Backup\BlockWebSite.resx">
</Event><Event ErrorLevel="0" Project="RemoteProcessController" Source="ChangePassword.resx" Description="File successfully backed up as G:\Cfiles\NETprojects\BE Project\Test\Backup\ChangePassword.resx">
</Event><Event ErrorLevel="0" Project="RemoteProcessController" Source="CheckAntivirus.resx" Description="File successfully backed up as G:\Cfiles\NETprojects\BE Project\Test\Backup\CheckAntivirus.resx">
</Event><Event ErrorLevel="0" Project="RemoteProcessController" Source="DisablePort.resx" Description="File successfully backed up as G:\Cfiles\NETprojects\BE Project\Test\Backup\DisablePort.resx">
</Event><Event ErrorLevel="0" Project="RemoteProcessController" Source="ProcessController.resx" Description="File successfully backed up as G:\Cfiles\NETprojects\BE Project\Test\Backup\ProcessController.resx">
</Event><Event ErrorLevel="0" Project="RemoteProcessController" Source="Properties\Resources.resx" Description="File successfully backed up as G:\Cfiles\NETprojects\BE Project\Test\Backup\Properties\Resources.resx">
</Event><Event ErrorLevel="0" Project="RemoteProcessController" Source="RemoteDesktop.resx" Description="File successfully backed up as G:\Cfiles\NETprojects\BE Project\Test\Backup\RemoteDesktop.resx">
</Event><Event ErrorLevel="0" Project="RemoteProcessController" Source="RemoteShutdown.resx" Description="File successfully backed up as G:\Cfiles\NETprojects\BE Project\Test\Backup\RemoteShutdown.resx">
</Event><Event ErrorLevel="0" Project="RemoteProcessController" Source="RemoteProcessController.csproj" Description="Project converted successfully">
</Event><Event ErrorLevel="3" Project="RemoteProcessController" Source="RemoteProcessController.csproj" Description="Converted">
</Event><Event ErrorLevel="0" Project="" Source="RemoteProcessController.sln" Description="Solution converted successfully">
</Event><Event ErrorLevel="3" Project="" Source="RemoteProcessController.sln" Description="Converted">
</Event><Event ErrorLevel="0" Project="RemoteProcessController" Source="RemoteProcessController.csproj" Description="Scan complete: Upgrade not required for project files.">
</Event></UpgradeLog>